PYY-439,Toyota,Highlander,2002,Crimson,,6,10,4,7,13,23,10
PYY-440,Land Rover,Freelander,2005,Yellow,,10,10,4,6,,,
PYY-441,Subaru,Forester,2011,Turquoise,,6,8,4,9,,,
PYY-442,Porsche,911,2005,Crimson,,7,3,4,7,,,
PYY-443,Maybach,62,2009,Blue,,7,2,4,4,,,
PYY-444,Maserati,Gran Sport,2005,Teal,,8,10,4,4,,,
PYY-445,Ferrari,612 Scaglietti,2009,Blue,,7,14,4,4,,,
PYY-446,Ford,Crown Victoria,2009,Green,,4,14,4,5,,,
PYY-447,GMC,Sonoma,1996,Yellow,,3,6,4,6,,,
PYY-448,Plymouth,Horizon,1978,Blue,,8,7,4,4,,,
PYY-449,Kia,Amanti,2009,Aquamarine,,3,6,4,10,,,
PYY-450,Hyundai,Genesis,2012,Goldenrod,,7,7,4,9,,,
PYY-451,Chevrolet,Express,2009,Fuscia,,9,7,4,6,,,
PYY-452,Mazda,B-Series Plus,1996,Green,,5,13,4,5,,,
PYY-453,Hyundai,Elantra,2003,Turquoise,,7,7,4,9,,,
PYY-454,Mazda,Millenia,2000,Goldenrod,,5,8,4,9,,,
PYY-455,GMC,Yukon XL 1500,2012,Crimson,,3,13,4,7,,,
PYY-456,Geo,Metro,1992,Yellow,,3,5,4,6,,,
PYY-457,Volvo,V70,1999,Orange,,5,3,4,6,,,
PYY-458,Chrysler,Concorde,1998,Aquamarine,,8,8,4,10,,,
PYY-459,Isuzu,i-280,2006,Mauv,,5,5,4,4,,,
PYY-460,Saturn,Aura,2007,Blue,,6,4,4,4,,,
PYY-461,Cadillac,STS-V,2006,Aquamarine,,8,5,4,10,,,
PYY-462,Pontiac,Sunbird,1994,Red,,7,7,4,3,,,
PYY-463,Mitsubishi,Challenger,1997,Khaki,,10,10,4,5,,,
PYY-464,Nissan,Quest,1998,Yellow,,6,5,4,6,,,
PYY-465,Volkswagen,Touareg 2,2008,Green,,10,9,4,5,,,
PYY-466,Lexus,LX,2009,Indigo,,5,2,4,6,,,
PYY-467,Volvo,S80,2010,Violet,,5,3,4,6,,,
PYY-468,Nissan,Versa,2011,Mauv,,6,5,4,4,,,
PYY-469,Acura,TL,1996,Turquoise,,5,2,4,9,,,
PYY-470,Mitsubishi,Outlander,2007,Violet,,10,9,4,6,,,
PYY-471,Mercedes-Benz,M-Class,2007,Puce,,13,7,4,4,,,
PYY-472,GMC,Sonoma,1999,Orange,,3,6,4,6,,,
PYY-473,Cadillac,SRX,2011,Orange,,8,3,4,6,,,
PYY-474,Dodge,Viper,2005,Pink,,5,5,4,4,,,
PYY-475,Lamborghini,Diablo,1998,Turquoise,,11,6,4,9,,,
PYY-476,Volkswagen,Corrado,1993,Orange,,10,7,4,6,,,
PYY-477,Volvo,960,1993,Green,,5,3,4,5,,,
PYY-478,Chevrolet,Monte Carlo,1996,Green,,9,11,4,5,,,
PYY-479,Mercedes-Benz,SL-Class,1997,Yellow,,13,8,4,6,,,
PYY-480,Ford,Bronco II,1990,Teal,,4,9,4,4,,,
PYY-481,Ram,2500,2011,Teal,,3,4,4,4,,,
PYY-482,Mazda,Mazdaspeed 3,2011,Red,,5,12,4,3,,,
PYY-483,Plymouth,Voyager,1993,Orange,,8,7,4,6,,,
PYY-484,Ford,Explorer Sport Trac,2007,Orange,,4,19,4,6,,,
PYY-485,Kia,Rondo,2009,Goldenrod,,3,5,4,9,,,
PYY-486,Volvo,S80,2002,Indigo,,5,3,4,6,,,
PYY-487,Pontiac,Sunbird,1983,Puce,,7,7,4,4,,,
PYY-488,Infiniti,I,2002,Red,,8,1,4,3,,,
PYY-489,Toyota,Camry,2010,Aquamarine,,6,5,4,10,,,
PYY-490,Bentley,Continental,2012,Khaki,,7,11,4,5,,,
PYY-491,Subaru,Alcyone SVX,1997,Indigo,,6,11,4,6,,,
PYY-492,Panoz,Esperante,2006,Turquoise,,5,9,4,9,,,
PYY-493,Hyundai,Santa Fe,2011,Orange,,7,8,4,6,,,
PYY-494,GMC,Vandura 2500,1993,Blue,,3,12,4,4,,,
PYY-495,Lexus,RX,1999,Pink,,5,2,4,4,,,
PYY-496,Audi,5000S,1984,Blue,,4,5,4,4,,,
PYY-497,Audi,R8,2009,Orange,,4,2,4,6,,,
PYY-498,Land Rover,Freelander,2002,Red,,10,10,4,3,,,
PYY-499,Isuzu,Hombre,2000,Pink,,5,6,4,4,,,
PYY-500,Chevrolet,Suburban 2500,1996,Pink,,9,13,4,4,,,
PYY-501,Cadillac,SRX,2006,Indigo,,8,3,4,6,,,
PYY-502,Nissan,280ZX,1979,Green,,6,5,4,5,,,
PYY-503,Audi,S4,2013,Khaki,,4,2,4,5,,,
PYY-504,Pontiac,Grand Am,1991,Puce,,7,8,4,4,,,
PYY-505,Toyota,Celica,2002,Green,,6,6,4,5,,,
PYY-506,Lincoln,Navigator,2000,Violet,,7,9,4,6,,,
PYY-507,Plymouth,Prowler,2000,Indigo,,8,7,4,6,,,
PYY-508,Toyota,Tacoma,1997,Aquamarine,,6,6,4,10,,,
PYY-509,Pontiac,Firebird,2000,Khaki,,7,8,4,5,,,
PYY-510,Porsche,Boxster,1998,Crimson,,7,7,4,7,,,
PYY-511,Chrysler,New Yorker,1996,Mauv,,8,10,4,4,,,
PYY-512,Buick,Roadmaster,1996,Crimson,,5,10,4,7,,,
PYY-513,Volkswagen,Eurovan,1999,Red,,10,7,4,3,,,
PYY-514,GMC,Sierra 1500,2009,Puce,,3,11,4,4,,,
PYY-515,Mitsubishi,Truck,1993,Fuscia,,10,5,4,6,,,
PYY-516,Honda,Civic,1995,Puce,,5,5,4,4,,,
PYY-517,Ford,Expedition EL,2011,Fuscia,,4,13,4,6,,,
PYY-518,Infiniti,JX,2013,Maroon,,8,2,4,6,,,
PYY-519,Ford,E350,2005,Goldenrod,,4,4,4,9,,,
PYY-520,Audi,A3,2006,Turquoise,,4,2,4,9,,,
PYY-521,Maserati,Gran Sport,2006,Crimson,,8,10,4,7,,,
PYY-522,Ford,Explorer,2006,Crimson,,4,8,4,7,,,
PYY-523,GMC,Rally Wagon 1500,1993,Violet,,3,16,4,6,,,
PYY-524,Mazda,Protege,1998,Yellow,,5,7,4,6,,,
PYY-525,Mercedes-Benz,SL-Class,1987,Teal,,13,8,4,4,,,
PYY-526,GMC,3500,1997,Green,,3,4,4,5,,,
PYY-527,Dodge,Ram 1500,2001,Puce,,5,8,4,4,,,
PYY-528,Chevrolet,Corvette,1960,Maroon,,9,8,4,6,,,
PYY-529,Honda,Prelude,1993,Fuscia,,5,7,4,6,,,
PYY-530,Maserati,GranTurismo,2012,Yellow,,8,11,4,6,,,
PYY-531,Ford,GT500,2008,Blue,,4,5,4,4,,,
PYY-532,Toyota,RAV4,2006,Purple,,6,4,4,6,,,
PYY-533,Toyota,Prius Plug-in Hybrid,2012,Aquamarine,,6,20,4,10,,,
PYY-534,BMW,X5 M,2010,Maroon,,3,4,4,6,,,
PYY-535,Mazda,MPV,2003,Fuscia,,5,3,4,6,,,
PYY-536,Chevrolet,G-Series 1500,1997,Crimson,,9,13,4,7,,,
PYY-537,GMC,Canyon,2009,Maroon,,3,6,4,6,,,
PYY-538,Austin,Mini Cooper S,1963,Mauv,,6,13,4,4,,,
PYY-539,Mercury,Tracer,1988,Yellow,,7,6,4,6,,,
PYY-540,Audi,Allroad,2004,Crimson,,4,7,4,7,,,
PYY-541,Isuzu,Space,1994,Orange,,5,5,4,6,,,
PYY-542,Mitsubishi,Mirage,1984,Maroon,,10,6,4,6,,,
PYY-543,Volkswagen,Phaeton,2005,Turquoise,,10,7,4,9,,,
PYY-544,Mercury,Mystique,1997,Mauv,,7,8,4,4,,,
PYY-545,Toyota,Land Cruiser,2001,Teal,,6,12,4,4,,,
PYY-546,Cadillac,XLR,2004,Blue,,8,3,4,4,,,
PYY-547,Kia,Sportage,2006,Yellow,,3,8,4,6,,,
PYY-548,Mercedes-Benz,SL-Class,2008,Fuscia,,13,8,4,6,,,
PYY-549,Nissan,Maxima,2011,Green,,6,6,4,5,,,
PYY-550,Toyota,Yaris,2010,Blue,,6,5,4,4,,,
PYY-551,Hyundai,Elantra,2000,Maroon,,7,7,4,6,,,
PYY-552,Toyota,Corolla,2002,Blue,,6,7,4,4,,,
PYY-553,Mazda,Protege,2000,Puce,,5,7,4,4,,,
PYY-554,BMW,X5 M,2013,Puce,,3,4,4,4,,,
PYY-555,Acura,RDX,2011,Khaki,,5,3,4,5,,,
PYY-556,Ford,F-Series,2003,Crimson,,4,8,4,7,,,
PYY-557,Cadillac,XLR-V,2007,Green,,8,5,4,5,,,
PYY-558,Nissan,Cube,2011,Khaki,,6,4,4,5,,,
PYY-559,Audi,Q7,2009,Indigo,,4,2,4,6,,,
PYY-560,Lamborghini,Murciélago,2010,Green,,11,10,4,5,,,
PYY-561,Cadillac,Catera,1998,Purple,,8,6,4,6,,,
PYY-562,Mitsubishi,Galant,1991,Orange,,10,6,4,6,,,
PYY-563,Toyota,Tacoma,2003,Goldenrod,,6,6,4,9,,,
PYY-564,Dodge,Ram Wagon B250,1994,Maroon,,5,14,4,6,,,
PYY-565,Chrysler,Concorde,1997,Aquamarine,,8,8,4,10,,,
PYY-566,Ford,Fusion,2008,Red,,4,6,4,3,,,
PYY-567,BMW,7 Series,2005,Teal,,3,8,4,4,,,
PYY-568,Jaguar,X-Type,2007,Yellow,,6,6,4,6,,,
PYY-569,GMC,Sierra,2012,Fuscia,,3,6,4,6,,,
PYY-570,Porsche,Cayenne,2010,Green,,7,7,4,5,,,
PYY-571,Jeep,Grand Cherokee,2007,Indigo,,4,14,4,6,,,
PYY-572,MINI,Clubman,2011,Puce,,4,7,4,4,,,
PYY-573,Infiniti,G,1996,Puce,,8,1,4,4,,,
PYY-574,Ford,Expedition,2009,Pink,,4,10,4,4,,,
PYY-575,Subaru,Impreza WRX,2011,Turquoise,,6,11,4,9,,,
PYY-576,Honda,CR-V,1998,Violet,,5,4,4,6,,,
PYY-577,Infiniti,G37,2012,Pink,,8,3,4,4,,,
PYY-578,Aston Martin,V12 Vantage,2011,Teal,,12,11,4,4,,,
PYY-579,Oldsmobile,88,1992,Blue,,10,2,4,4,,,
PYY-580,Pontiac,Vibe,2010,Aquamarine,,7,4,4,10,,,
PYY-581,Oldsmobile,Achieva,1994,Fuscia,,10,7,4,6,,,
PYY-582,Ford,Explorer,1995,Puce,,4,8,4,4,,,
PYY-583,Mazda,Mazda3,2008,Red,,5,6,4,3,,,
PYY-584,Dodge,Ram 3500,2010,Crimson,,5,8,4,7,,,
PYY-585,Chevrolet,G-Series G10,1992,Pink,,9,12,4,4,,,
PYY-586,Chevrolet,Cobalt,2005,Yellow,,9,6,4,6,,,
PYY-587,BMW,8 Series,1993,Yellow,,3,8,4,6,,,
PYY-588,Lamborghini,Gallardo,2007,Mauv,,11,8,4,4,,,
PYY-589,Subaru,B9 Tribeca,2007,Indigo,,6,10,4,6,,,
PYY-590,Infiniti,G,1999,Blue,,8,1,4,4,,,
PYY-591,Chevrolet,Express 2500,2011,Mauv,,9,12,4,4,,,
PYY-592,Pontiac,Grand Prix,1972,Mauv,,7,10,4,4,,,
PYY-593,Volvo,S60,2006,Yellow,,5,3,4,6,,,
PYY-594,Volkswagen,CC,2013,Puce,,10,2,4,4,,,
PYY-595,Aston Martin,DB9,2006,Teal,,12,3,4,4,,,
PYY-596,Buick,Park Avenue,2000,Fuscia,,5,11,4,6,,,
PYY-597,Toyota,Prius,2002,Orange,,6,5,4,6,,,
PYY-598,Spyker,C8 Spyder Wide Body,2004,Puce,,6,19,4,4,,,
PYY-599,Mercedes-Benz,400SE,1992,Violet,,13,5,4,6,,,
PYY-600,Mitsubishi,L300,1987,Pink,,10,4,4,4,,,
PYY-601,Honda,Element,2005,Orange,,5,7,4,6,,,
PYY-602,Mercedes-Benz,C-Class,2005,Mauv,,13,7,4,4,,,
PYY-603,Suzuki,SJ 410,1984,Maroon,,6,6,4,6,,,
PYY-604,GMC,Sierra Hybrid,2006,Crimson,,3,13,4,7,,,
PYY-605,BMW,X6,2009,Orange,,3,2,4,6,,,
PYY-606,Buick,Riviera,1997,Turquoise,,5,7,4,9,,,
PYY-607,Jeep,Compass,2012,Orange,,4,7,4,6,,,
PYY-608,Chevrolet,Lumina APV,1992,Crimson,,9,10,4,7,,,
PYY-609,Volvo,C30,2012,Goldenrod,,5,3,4,9,,,
PYY-610,Pontiac,Trans Sport,1992,Crimson,,7,11,4,7,,,
PYY-611,Cadillac,DTS,2006,Mauv,,8,3,4,4,,,
PYY-612,Honda,CR-V,2009,Mauv,,5,4,4,4,,,
PYY-613,Subaru,Legacy,2009,Orange,,6,6,4,6,,,
PYY-614,Dodge,Avenger,1999,Indigo,,5,7,4,6,,,
PYY-615,Acura,RL,2005,Maroon,,5,2,4,6,,,
PYY-616,Ford,Expedition,2002,Mauv,,4,10,4,4,,,
PYY-617,Volvo,S80,1999,Pink,,5,3,4,4,,,
PYY-618,Subaru,Loyale,1994,Red,,6,6,4,3,,,
PYY-619,Volkswagen,Golf,1985,Yellow,,10,4,4,6,,,
PYY-620,Mazda,MX-6,1989,Puce,,5,4,4,4,,,
PYY-621,Ford,Tempo,1987,Turquoise,,4,5,4,9,,,
PYY-622,GMC,Sierra 2500,2007,Puce,,3,11,4,4,,,
PYY-623,Daewoo,Leganza,2001,Turquoise,,6,7,4,9,,,
PYY-624,Chevrolet,Camaro,1970,Khaki,,9,6,4,5,,,
PYY-625,Chevrolet,Malibu,2004,Maroon,,9,6,4,6,,,
PYY-626,Lexus,ES,1998,Purple,,5,2,4,6,,,
PYY-627,Mitsubishi,Truck,1986,Violet,,10,5,4,6,,,
PYY-628,Mercedes-Benz,E-Class,1996,Aquamarine,,13,7,4,10,,,
PYY-629,Volvo,S80,2004,Maroon,,5,3,4,6,,,
PYY-630,Mercedes-Benz,300SL,1993,Pink,,13,5,4,4,,,
PYY-631,Honda,Odyssey,1995,Khaki,,5,7,4,5,,,
PYY-632,Subaru,Impreza,1994,Maroon,,6,7,4,6,,,
PYY-633,Ford,Windstar,1995,Violet,,4,8,4,6,,,
PYY-634,Mercedes-Benz,500SEC,1993,Aquamarine,,13,6,4,10,,,
PYY-635,Lincoln,Town Car,2001,Yellow,,7,8,4,6,,,
PYY-636,Suzuki,XL7,2009,Indigo,,6,3,4,6,,,
PYY-637,GMC,Jimmy,1999,Khaki,,3,5,4,5,,,
PYY-638,Jaguar,XK,2007,Pink,,6,2,4,4,,,
PYY-639,Mitsubishi,Mighty Max Macro,1993,Teal,,10,16,4,4,,,
PYY-640,Volkswagen,Phaeton,2004,Orange,,10,7,4,6,,,
PYY-641,Lexus,SC,1999,Fuscia,,5,2,4,6,,,
PYY-642,Mazda,MPV,1996,Maroon,,5,3,4,6,,,
PYY-643,Saab,3-Sep,2001,Aquamarine,,4,5,4,10,,,
PYY-644,Mazda,RX-8,2004,Violet,,5,4,4,6,,,
PYY-645,Pontiac,Grand Prix,1991,Khaki,,7,10,4,5,,,
PYY-646,Chevrolet,Silverado 1500,2001,Pink,,9,14,4,4,,,
PYY-647,Lexus,SC,1995,Purple,,5,2,4,6,,,
PYY-648,GMC,Sierra 3500,2011,Orange,,3,11,4,6,,,
PYY-649,Dodge,Charger,2008,Green,,5,7,4,5,,,
PYY-650,Acura,TL,2009,Fuscia,,5,2,4,6,,,
PYY-651,Oldsmobile,Toronado,1966,Teal,,10,8,4,4,,,
PYY-652,Lincoln,Continental,1988,Khaki,,7,11,4,5,,,
PYY-653,Land Rover,Freelander,2005,Violet,,10,10,4,6,,,
PYY-654,Dodge,Charger,1969,Turquoise,,5,7,4,9,,,
PYY-655,Nissan,240SX,1995,Pink,,6,5,4,4,,,
PYY-656,Maserati,GranTurismo,2009,Orange,,8,11,4,6,,,
PYY-657,Lotus,Elise,2004,Green,,5,5,4,5,,,
PYY-658,BMW,530,2002,Green,,3,3,4,5,,,
PYY-659,Ford,Explorer,1993,Fuscia,,4,8,4,6,,,
PYY-660,Mercury,Mountaineer,2009,Crimson,,7,11,4,7,,,
PYY-661,Nissan,Frontier,2003,Pink,,6,8,4,4,,,
PYY-662,Mazda,Protege,1997,Orange,,5,7,4,6,,,
PYY-663,Chrysler,300,2005,Turquoise,,8,3,4,9,,,
PYY-664,Suzuki,XL-7,2007,Mauv,,6,4,4,4,,,
PYY-665,GMC,2500 Club Coupe,1995,Fuscia,,3,15,4,6,,,
PYY-666,Chrysler,PT Cruiser,2005,Mauv,,8,10,4,4,,,
PYY-667,Dodge,Caliber,2012,Fuscia,,5,7,4,6,,,
PYY-668,Mercedes-Benz,W126,1983,Purple,,13,4,4,6,,,
PYY-669,Hyundai,Entourage,2008,Maroon,,7,9,4,6,,,
PYY-670,Ford,E150,2012,Indigo,,4,4,4,6,,,
PYY-671,Toyota,Camry,1994,Maroon,,6,5,4,6,,,
PYY-672,Mercedes-Benz,R-Class,2008,Green,,13,7,4,5,,,
PYY-673,Pontiac,Safari,1987,Violet,,7,6,4,6,,,
PYY-674,Mercedes-Benz,600SEL,1992,Pink,,13,6,4,4,,,
PYY-675,Mercury,Mountaineer,2009,Pink,,7,11,4,4,,,
PYY-676,Jensen,Interceptor,1966,Purple,,6,11,4,6,,,
PYY-677,Toyota,Camry,2011,Purple,,6,5,4,6,,,
PYY-678,Lexus,GX,2010,Violet,,5,2,4,6,,,
PYY-679,BMW,645,2005,Mauv,,3,3,4,4,,,
PYY-680,Ford,Thunderbird,1985,Goldenrod,,4,11,4,9,,,
PYY-681,Subaru,Forester,2010,Red,,6,8,4,3,,,
PYY-682,Honda,Civic,2001,Turquoise,,5,5,4,9,,,
PYY-683,Lexus,GX,2008,Orange,,5,2,4,6,,,
PYY-684,Mercedes-Benz,E-Class,1990,Teal,,13,7,4,4,,,
PYY-685,Volkswagen,Scirocco,1988,Blue,,10,8,4,4,,,
PYY-686,Mitsubishi,GTO,1993,Red,,10,3,4,3,,,
PYY-687,Infiniti,G,2000,Turquoise,,8,1,4,9,,,
PYY-688,Mazda,MX-5,1991,Mauv,,5,4,4,4,,,
PYY-689,Lincoln,MKZ,2008,Fuscia,,7,3,4,6,,,
PYY-690,Mercedes-Benz,300SD,1992,Crimson,,13,5,4,7,,,
PYY-691,Ford,Mustang,1992,Yellow,,4,7,4,6,,,
PYY-692,Ford,Mustang,2008,Turquoise,,4,7,4,9,,,
PYY-693,GMC,Sierra,2011,Pink,,3,6,4,4,,,
PYY-694,Ford,F250,1998,Fuscia,,4,4,4,6,,,
PYY-695,Mitsubishi,3000GT,1999,Turquoise,,10,6,4,9,,,
PYY-696,Cadillac,CTS,2007,Puce,,8,3,4,4,,,
PYY-697,Pontiac,Grand Prix,1972,Puce,,7,10,4,4,,,
PYY-698,Ford,Taurus,1992,Orange,,4,6,4,6,,,
PYY-699,Porsche,928,1994,Teal,,7,3,4,4,,,
PYY-700,Geo,Metro,1997,Crimson,,3,5,4,7,,,
PYY-701,Mazda,Mazda6,2012,Yellow,,5,6,4,6,,,
PYY-702,Chevrolet,Corsica,1992,Fuscia,,9,7,4,6,,,
PYY-703,Volkswagen,Jetta,1998,Khaki,,10,5,4,5,,,
PYY-704,Mitsubishi,Pajero,2002,Goldenrod,,10,6,4,9,,,
PYY-705,Chevrolet,Express 2500,1999,Orange,,9,12,4,6,,,
PYY-706,Spyker,C8,2006,Puce,,6,2,4,4,,,
PYY-707,Mercury,Topaz,1991,Puce,,7,5,4,4,,,
PYY-708,Ford,Thunderbird,2002,Goldenrod,,4,11,4,9,,,
PYY-709,Honda,Element,2008,Crimson,,5,7,4,7,,,
PYY-710,Porsche,Boxster,1999,Puce,,7,7,4,4,,,
PYY-711,Toyota,Tacoma,2007,Mauv,,6,6,4,4,,,
PYY-712,Ford,Taurus,2001,Violet,,4,6,4,6,,,
PYY-713,Maybach,62,2006,Green,,7,2,4,5,,,
PYY-714,Acura,Legend,1994,Goldenrod,,5,6,4,9,,,
PYY-715,Chevrolet,Avalanche,2007,Fuscia,,9,9,4,6,,,
PYY-716,Dodge,Avenger,1999,Maroon,,5,7,4,6,,,
PYY-717,Volkswagen,Routan,2009,Yellow,,10,6,4,6,,,
PYY-718,Toyota,Avalon,2004,Goldenrod,,6,6,4,9,,,
PYY-719,Chevrolet,Avalanche,2006,Indigo,,9,9,4,6,,,
PYY-720,Pontiac,Grand Prix,1995,Green,,7,10,4,5,,,
PYY-721,Lexus,SC,2000,Khaki,,5,2,4,5,,,
PYY-722,BMW,545,2005,Fuscia,,3,3,4,6,,,
PYY-723,Suzuki,SX4,2011,Crimson,,6,3,4,7,,,
PYY-724,Ford,Escort,1995,Orange,,4,6,4,6,,,
PYY-725,Buick,Skylark,1989,Turquoise,,5,7,4,9,,,
PYY-726,Mazda,B-Series,1992,Khaki,,5,8,4,5,,,
PYY-727,Saab,9000,1990,Violet,,4,4,4,6,,,
PYY-728,Jaguar,S-Type,2003,Aquamarine,,6,6,4,10,,,
PYY-729,Bentley,Continental Flying Spur,2007,Puce,,7,23,4,4,,,
PYY-730,Chevrolet,Silverado 3500,2006,Khaki,,9,14,4,5,,,
PYY-731,Lincoln,Zephyr,2006,Crimson,,7,6,4,7,,,
PYY-732,Mazda,Miata MX-5,1997,Indigo,,5,10,4,6,,,
PYY-733,Lexus,LX,1996,Indigo,,5,2,4,6,,,
PYY-734,Chrysler,LeBaron,1992,Mauv,,8,7,4,4,,,
PYY-735,Volkswagen,Passat,2002,Indigo,,10,6,4,6,,,
PYY-736,GMC,Yukon,2013,Fuscia,,3,5,4,6,,,
PYY-737,Chevrolet,Suburban 1500,2006,Khaki,,9,13,4,5,,,
PYY-738,Ford,Falcon,1966,Indigo,,4,6,4,6,,,
PYY-739,Lotus,Esprit,1994,Violet,,5,6,4,6,,,
PYY-740,Honda,Accord Crosstour,2011,Aquamarine,,5,16,4,10,,,
PYY-741,Mitsubishi,Eclipse,2003,Green,,10,7,4,5,,,
PYY-742,Mazda,RX-7,1984,Teal,,5,4,4,4,,,
PYY-743,Infiniti,Q,1999,Turquoise,,8,1,4,9,,,
PYY-744,Mercedes-Benz,600SEL,1992,Puce,,13,6,4,4,,,
PYY-745,Volkswagen,Scirocco,1984,Yellow,,10,8,4,6,,,
PYY-746,Chevrolet,Equinox,2009,Red,,9,7,4,3,,,
PYY-747,Volvo,C70,2002,Maroon,,5,3,4,6,,,
PYY-748,Mercedes-Benz,300E,1992,Aquamarine,,13,4,4,10,,,
PYY-749,Dodge,Charger,1999,Red,,5,7,4,3,,,
PYY-750,Subaru,Baja,2005,Violet,,6,4,4,6,,,
PYY-751,Dodge,Ram Van 2500,2000,Crimson,,5,12,4,7,,,
PYY-752,Nissan,Pathfinder,1997,Teal,,6,10,4,4,,,
PYY-753,Pontiac,Sunfire,2004,Mauv,,7,7,4,4,,,
PYY-754,Lamborghini,Diablo,1992,Crimson,,11,6,4,7,,,
PYY-755,Suzuki,Swift,1992,Blue,,6,5,4,4,,,
PYY-756,Chevrolet,K5 Blazer,1995,Green,,9,9,4,5,,,
PYY-757,Ford,F-Series,2003,Indigo,,4,8,4,6,,,
PYY-758,Audi,A4,2005,Maroon,,4,2,4,6,,,
PYY-759,Mercury,Mariner,2006,Turquoise,,7,7,4,9,,,
PYY-760,Pontiac,Grand Prix,1994,Indigo,,7,10,4,6,,,
PYY-761,Hyundai,Sonata,1994,Puce,,7,6,4,4,,,
PYY-762,Jeep,Cherokee,2001,Aquamarine,,4,8,4,10,,,
PYY-763,Honda,Element,2004,Yellow,,5,7,4,6,,,
PYY-764,Buick,Lucerne,2008,Khaki,,5,7,4,5,,,
PYY-765,Mercedes-Benz,S-Class,1988,Khaki,,13,7,4,5,,,
PYY-766,Nissan,Armada,2012,Khaki,,6,6,4,5,,,
PYY-767,Ford,F350,2012,Blue,,4,4,4,4,,,
PYY-768,Ford,E250,2011,Pink,,4,4,4,4,,,
PYY-769,Kia,Carens,2008,Turquoise,,3,6,4,9,,,
PYY-770,Acura,MDX,2001,Turquoise,,5,3,4,9,,,
PYY-771,Chevrolet,Tracker,2000,Puce,,9,7,4,4,,,
PYY-772,Chevrolet,Bel Air,1967,Pink,,9,7,4,4,,,
PYY-773,Ram,Dakota,2011,Turquoise,,3,6,4,9,,,
PYY-774,Mazda,MPV,1989,Aquamarine,,5,3,4,10,,,
PYY-775,Acura,Integra,2001,Green,,5,7,4,5,,,
PYY-776,Kia,Rondo,2008,Crimson,,3,5,4,7,,,
PYY-777,Toyota,Solara,2003,Maroon,,6,6,4,6,,,
PYY-778,Ford,LTD Crown Victoria,1993,Puce,,4,18,4,4,,,
PYY-779,BMW,M5,2001,Goldenrod,,3,2,4,9,,,
PYY-780,Chevrolet,Camaro,1971,Fuscia,,9,6,4,6,,,
PYY-781,Lamborghini,Diablo,2001,Khaki,,11,6,4,5,,,
PYY-782,Chevrolet,Blazer,2005,Blue,,9,6,4,4,,,
PYY-783,Dodge,Intrepid,1999,Pink,,5,8,4,4,,,
PYY-784,Buick,Regal,1999,Turquoise,,5,5,4,9,,,
PYY-785,Dodge,D150,1993,Crimson,,5,4,4,7,,,
PYY-786,Chevrolet,2500,1992,Violet,,9,4,4,6,,,
PYY-787,Acura,TL,2008,Green,,5,2,4,5,,,
PYY-788,Dodge,Ram 1500,1997,Khaki,,5,8,4,5,,,
PYY-789,Dodge,Dakota Club,2003,Purple,,5,11,4,6,,,
PYY-790,Pontiac,Gemini,1988,Khaki,,7,6,4,5,,,
PYY-791,Pontiac,Firebird,1987,Teal,,7,8,4,4,,,
PYY-792,Subaru,Alcyone SVX,1995,Fuscia,,6,11,4,6,,,
PYY-793,Nissan,Frontier,2002,Turquoise,,6,8,4,9,,,
PYY-794,Chevrolet,S10 Blazer,1992,Crimson,,9,10,4,7,,,
PYY-795,GMC,Jimmy,2000,Crimson,,3,5,4,7,,,
PYY-796,Audi,A8,2012,Aquamarine,,4,2,4,10,,,
PYY-797,Porsche,944,1985,Puce,,7,3,4,4,,,
PYY-798,Mercedes-Benz,CLS-Class,2009,Goldenrod,,13,9,4,9,,,
PYY-799,Mazda,RX-8,2006,Puce,,5,4,4,4,,,
PYY-800,Mercury,Marauder,2004,Crimson,,7,8,4,7,,,
PYY-801,Mitsubishi,GTO,1993,Purple,,10,3,4,6,,,
PYY-802,BMW,X6 M,2013,Mauv,,3,4,4,4,,,
PYY-803,BMW,X3,2007,Teal,,3,2,4,4,,,
PYY-804,Volkswagen,Golf,1988,Khaki,,10,4,4,5,,,
PYY-805,Volkswagen,Jetta,1999,Violet,,10,5,4,6,,,
PYY-806,Mercedes-Benz,C-Class,1993,Green,,13,7,4,5,,,
PYY-807,Toyota,Tundra,2007,Fuscia,,6,6,4,6,,,
PYY-808,Mercury,Villager,2002,Yellow,,7,8,4,6,,,
PYY-809,Acura,RL,2006,Khaki,,5,2,4,5,,,
PYY-810,Chevrolet,Corvette,1985,Aquamarine,,9,8,4,10,,,
PYY-811,Lexus,GS,1999,Turquoise,,5,2,4,9,,,
PYY-812,Chrysler,300,2011,Teal,,8,3,4,4,,,
PYY-813,Chrysler,Concorde,1994,Fuscia,,8,8,4,6,,,
PYY-814,Mitsubishi,Diamante,1997,Green,,10,8,4,5,,,
PYY-815,Lincoln,Navigator,2001,Orange,,7,9,4,6,,,
PYY-816,Toyota,MR2,1987,Pink,,6,3,4,4,,,
PYY-817,Mazda,Miata MX-5,2005,Pink,,5,10,4,4,,,
PYY-818,GMC,Savana 1500,2007,Fuscia,,3,11,4,6,,,
PYY-819,Chevrolet,Express 1500,2004,Mauv,,9,12,4,4,,,
PYY-820,Kia,Sportage,2009,Mauv,,3,8,4,4,,,
PYY-821,Dodge,Viper,2006,Crimson,,5,5,4,7,,,
PYY-822,Ford,Explorer,1991,Indigo,,4,8,4,6,,,
PYY-823,Mercedes-Benz,500SL,1993,Purple,,13,5,4,6,,,
PYY-824,Pontiac,Firebird,1984,Red,,7,8,4,3,,,
PYY-825,Pontiac,Sunbird,1989,Mauv,,7,7,4,4,,,
PYY-826,Lexus,GX,2006,Puce,,5,2,4,4,,,
PYY-827,Chevrolet,Cavalier,2002,Fuscia,,9,8,4,6,,,
PYY-828,Audi,A4,2006,Blue,,4,2,4,4,,,
PYY-829,Chevrolet,Venture,1999,Violet,,9,7,4,6,,,
PYY-830,Ford,F250,2005,Turquoise,,4,4,4,9,,,
PYY-831,Ford,Club Wagon,1992,Orange,,4,10,4,6,,,
PYY-832,Lincoln,LS,2005,Green,,7,2,4,5,,,
PYY-833,Ford,Expedition,2007,Goldenrod,,4,10,4,9,,,
PYY-834,Audi,A3,2008,Crimson,,4,2,4,7,,,
PYY-835,GMC,Savana 1500,2001,Turquoise,,3,11,4,9,,,
PYY-836,GMC,Savana 2500,2011,Red,,3,11,4,3,,,
PYY-837,Plymouth,Grand Voyager,1992,Maroon,,8,13,4,6,,,
PYY-838,Mazda,626,1984,Crimson,,5,3,4,7,,,
PYY-839,Pontiac,Firebird,1992,Mauv,,7,8,4,4,,,
PYY-840,Chevrolet,HHR,2009,Maroon,,9,3,4,6,,,
PYY-841,Saturn,Aura,2009,Aquamarine,,6,4,4,10,,,
PYY-842,Land Rover,Range Rover,2000,Blue,,10,11,4,4,,,
PYY-843,Buick,Rendezvous,2003,Blue,,5,10,4,4,,,
PYY-844,Kia,Optima,2005,Khaki,,3,6,4,5,,,
PYY-845,Mercury,Topaz,1993,Goldenrod,,7,5,4,9,,,
PYY-846,Pontiac,G3,2010,Khaki,,7,2,4,5,,,
PYY-847,Subaru,Impreza,1999,Fuscia,,6,7,4,6,,,
PYY-848,Mazda,B-Series,1996,Yellow,,5,8,4,6,,,
PYY-849,Hyundai,Sonata,2000,Yellow,,7,6,4,6,,,
PYY-850,Mercedes-Benz,CLK-Class,2003,Mauv,,13,9,4,4,,,
PYY-851,Ford,Econoline E150,1993,Fuscia,,4,14,4,6,,,
PYY-852,Ferrari,612 Scaglietti,2007,Purple,,7,14,4,6,,,
PYY-853,GMC,1500,1995,Blue,,3,4,4,4,,,
PYY-854,Pontiac,Vibe,2005,Teal,,7,4,4,4,,,
PYY-855,Citroën,SM,1972,Orange,,7,2,4,6,,,
PYY-856,Audi,Coupe GT,1985,Mauv,,4,8,4,4,,,
PYY-857,Saab,900,1998,Aquamarine,,4,3,4,10,,,
PYY-858,Eagle,Talon,1990,Yellow,,5,5,4,6,,,
PYY-859,Toyota,Matrix,2006,Blue,,6,6,4,4,,,
PYY-860,Dodge,Intrepid,2003,Purple,,5,8,4,6,,,
PYY-861,GMC,Savana 1500,2000,Aquamarine,,3,11,4,10,,,
PYY-862,GMC,Sierra Hybrid,2006,Red,,3,13,4,3,,,
PYY-863,Saab,900,1994,Aquamarine,,4,3,4,10,,,
PYY-864,Acura,MDX,2009,Mauv,,5,3,4,4,,,
PYY-865,GMC,Rally Wagon G3500,1995,Orange,,3,17,4,6,,,
PYY-866,Ford,Mustang,2008,Crimson,,4,7,4,7,,,
PYY-867,Mercedes-Benz,M-Class,2009,Pink,,13,7,4,4,,,
PYY-868,Ferrari,430 Scuderia,2009,Red,,7,12,4,3,,,
PYY-869,Chevrolet,Malibu,2010,Goldenrod,,9,6,4,9,,,
PYY-870,Chevrolet,Suburban 1500,1992,Fuscia,,9,13,4,6,,,
PYY-871,BMW,325,2005,Khaki,,3,3,4,5,,,
PYY-872,Mercedes-Benz,SLS AMG,2012,Yellow,,13,7,4,6,,,
PYY-873,Subaru,Outback,2003,Mauv,,6,7,4,4,,,
PYY-874,Ford,E150,2010,Teal,,4,4,4,4,,,
PYY-875,Hyundai,Accent,2004,Fuscia,,7,6,4,6,,,
PYY-876,Saab,9000,1993,Teal,,4,4,4,4,,,
PYY-877,Cadillac,Seville,2004,Purple,,8,7,4,6,,,
PYY-878,GMC,3500,1996,Indigo,,3,4,4,6,,,
PYY-879,Lamborghini,Gallardo,2012,Purple,,11,8,4,6,,,
PYY-880,Toyota,Highlander,2005,Indigo,,6,10,4,6,,,
PYY-881,Mercedes-Benz,SL-Class,2006,Indigo,,13,8,4,6,,,
PYY-882,Infiniti,QX,2010,Red,,8,2,4,3,,,
PYY-883,Jaguar,XJ Series,1996,Yellow,,6,9,4,6,,,
PYY-884,Ford,Escape,2006,Goldenrod,,4,6,4,9,,,
PYY-885,BMW,Z3,2002,Aquamarine,,3,2,4,10,,,
PYY-886,Buick,Regal,2001,Green,,5,5,4,5,,,
PYY-887,Plymouth,Colt,1994,Aquamarine,,8,4,4,10,,,
PYY-888,Ford,Flex,2012,Fuscia,,4,4,4,6,,,
PYY-889,Mercury,Grand Marquis,1997,Teal,,7,13,4,4,,,
PYY-890,Ferrari,599 GTB Fiorano,2008,Yellow,,7,15,4,6,,,
PYY-891,Ford,Ranger,1994,Maroon,,4,6,4,6,,,
PYY-892,Chevrolet,Impala,2001,Blue,,9,6,4,4,,,
PYY-893,Mazda,626,1987,Mauv,,5,3,4,4,,,
PYY-894,Ferrari,430 Scuderia,2008,Crimson,,7,12,4,7,,,
PYY-895,GMC,Sonoma,1992,Khaki,,3,6,4,5,,,
PYY-896,Mercedes-Benz,GLK-Class,2010,Mauv,,13,9,4,4,,,
PYY-897,GMC,Canyon,2010,Blue,,3,6,4,4,,,
PYY-898,Infiniti,QX56,2012,Pink,,8,4,4,4,,,
PYY-899,GMC,Yukon Denali,2000,Goldenrod,,3,12,4,9,,,
PYY-900,Subaru,Alcyone SVX,1996,Aquamarine,,6,11,4,10,,,
PYY-901,Pontiac,Bonneville,2003,Indigo,,7,10,4,6,,,
PYY-902,Volkswagen,New Beetle,2010,Violet,,10,10,4,6,,,
PYY-903,GMC,Sierra 1500,2000,Yellow,,3,11,4,6,,,
PYY-904,Mercedes-Benz,C-Class,1998,Turquoise,,13,7,4,9,,,
PYY-905,Pontiac,Grand Prix,1962,Indigo,,7,10,4,6,,,
PYY-906,Ford,Ranger,1997,Red,,4,6,4,3,,,
PYY-907,Volkswagen,New Beetle,1999,Khaki,,10,10,4,5,,,
PYY-908,Honda,Accord,1993,Red,,5,6,4,3,,,
PYY-909,Porsche,944,1988,Turquoise,,7,3,4,9,,,
PYY-910,Volvo,S80,2010,Purple,,5,3,4,6,,,
PYY-911,Porsche,Boxster,2011,Pink,,7,7,4,4,,,
PYY-912,Toyota,Tacoma Xtra,2001,Turquoise,,6,11,4,9,,,
PYY-913,Pontiac,LeMans,1991,Goldenrod,,7,6,4,9,,,
PYY-914,GMC,Vandura G3500,1995,Maroon,,3,13,4,6,,,
PYY-915,Toyota,MR2,2004,Green,,6,3,4,5,,,
PYY-916,Jaguar,XJ Series,2005,Puce,,6,9,4,4,,,
PYY-917,Suzuki,Aerio,2005,Aquamarine,,6,5,4,10,,,
PYY-918,Infiniti,Q,1997,Yellow,,8,1,4,6,,,
PYY-919,Mitsubishi,Pajero,1988,Goldenrod,,10,6,4,9,,,
PYY-920,Mercedes-Benz,500SEC,1993,Khaki,,13,6,4,5,,,
PYY-921,Lamborghini,Diablo,1991,Puce,,11,6,4,4,,,
PYY-922,Cadillac,Escalade ESV,2004,Teal,,8,12,4,4,,,
PYY-923,Pontiac,GTO,1966,Puce,,7,3,4,4,,,
PYY-924,Aston Martin,DBS,2011,Yellow,,12,3,4,6,,,
PYY-925,Suzuki,SX4,2008,Purple,,6,3,4,6,,,
PYY-926,Ford,Probe,1993,Blue,,4,5,4,4,,,
PYY-927,Volkswagen,GTI,2007,Aquamarine,,10,3,4,10,,,
PYY-928,BMW,X5,2009,Orange,,3,2,4,6,,,
PYY-929,Infiniti,G,1999,Blue,,8,1,4,4,,,
PYY-930,Mitsubishi,Sigma,1989,Puce,,10,5,4,4,,,
PYY-931,Kia,Rio,2006,Blue,,3,3,4,4,,,
PYY-932,Pontiac,Bonneville,1996,Orange,,7,10,4,6,,,
PYY-933,Mazda,626,1991,Fuscia,,5,3,4,6,,,
PYY-934,Mitsubishi,Truck,1996,Puce,,10,5,4,4,,,
PYY-935,Toyota,Venza,2010,Maroon,,6,5,4,6,,,
PYY-936,Lincoln,Blackwood,2002,Violet,,7,9,4,6,,,
PYY-937,Toyota,Echo,2005,Khaki,,6,4,4,5,,,
PYY-938,Pontiac,G5,2008,Maroon,,7,2,4,6,,,
PYY-939,Saab,9-7X,2005,Maroon,,4,4,4,6,,,
PYY-940,Nissan,Altima,2012,Green,,6,6,4,5,,,
PYY-941,Chevrolet,Cobalt,2008,Pink,,9,6,4,4,,,
PYY-942,Mercedes-Benz,SL-Class,2003,Fuscia,,13,8,4,6,,,
PYY-943,Jeep,Liberty,2007,Goldenrod,,4,7,4,9,,,
PYY-944,Chevrolet,Classic,2005,Yellow,,9,7,4,6,,,
PYY-945,Isuzu,Stylus,1993,Maroon,,5,6,4,6,,,
PYY-946,Acura,Legend,1988,Goldenrod,,5,6,4,9,,,
PYY-947,Mazda,B-Series,1992,Teal,,5,8,4,4,,,
PYY-948,BMW,6 Series,2008,Pink,,3,8,4,4,,,
PYY-949,Lamborghini,Murciélago LP640,2008,Pink,,11,16,4,4,,,
PYY-950,Mitsubishi,Raider,2009,Purple,,10,6,4,6,,,
PYY-951,Buick,Park Avenue,2001,Orange,,5,11,4,6,,,
PYY-952,Jeep,Grand Cherokee,2000,Puce,,4,14,4,4,,,
PYY-953,Toyota,Celica,2001,Aquamarine,,6,6,4,10,,,
PYY-954,Chevrolet,Silverado 1500,2011,Maroon,,9,14,4,6,,,
PYY-955,Dodge,Grand Caravan,1996,Khaki,,5,13,4,5,,,
PYY-956,Pontiac,Grand Prix,1989,Green,,7,10,4,5,,,
PYY-957,Ford,Focus,2009,Teal,,4,5,4,4,,,
PYY-958,Ford,Club Wagon,1994,Blue,,4,10,4,4,,,
PYY-959,Subaru,Loyale,1991,Goldenrod,,6,6,4,9,,,
PYY-960,Mercedes-Benz,SL-Class,1998,Blue,,13,8,4,4,,,
PYY-961,Saab,3-Sep,2012,Khaki,,4,5,4,5,,,
PYY-962,Chevrolet,Avalanche,2009,Teal,,9,9,4,4,,,
PYY-963,Toyota,Sienna,2002,Indigo,,6,6,4,6,,,
PYY-964,Dodge,Stealth,1996,Maroon,,5,7,4,6,,,
PYY-965,Ford,Bronco,1994,Violet,,4,6,4,6,,,
PYY-966,Ford,F250,2003,Green,,4,4,4,5,,,
PYY-967,Ford,E-Series,2004,Puce,,4,8,4,4,,,
PYY-968,Hyundai,Accent,2011,Aquamarine,,7,6,4,10,,,
PYY-969,Hyundai,XG300,2001,Turquoise,,7,5,4,9,,,
PYY-970,GMC,Savana 2500,2009,Red,,3,11,4,3,,,
PYY-971,BMW,Z8,2000,Blue,,3,2,4,4,,,
PYY-972,BMW,5 Series,1994,Violet,,3,8,4,6,,,
PYY-973,Ford,F350,1993,Khaki,,4,4,4,5,,,
PYY-974,Land Rover,Discovery Series II,2000,Violet,,10,19,4,6,,,
PYY-975,Lexus,LS,2010,Purple,,5,2,4,6,,,
PYY-976,Land Rover,Range Rover,2000,Violet,,10,11,4,6,,,
PYY-977,Toyota,Sienna,2003,Fuscia,,6,6,4,6,,,
PYY-978,Chevrolet,Venture,2005,Goldenrod,,9,7,4,9,,,
PYY-979,Mercury,Mountaineer,2009,Blue,,7,11,4,4,,,
PYY-980,Infiniti,G25,2011,Puce,,8,3,4,4,,,
PYY-981,Chevrolet,3500,1995,Maroon,,9,4,4,6,,,
PYY-982,Volvo,850,1996,Red,,5,3,4,3,,,
PYY-983,Mazda,CX-7,2012,Teal,,5,4,4,4,,,
PYY-984,Pontiac,Firebird,1984,Teal,,7,8,4,4,,,
PYY-985,GMC,Sierra 3500,2003,Violet,,3,11,4,6,,,
PYY-986,Buick,Enclave,2012,Yellow,,5,7,4,6,,,
PYY-987,Pontiac,Sunfire,1995,Puce,,7,7,4,4,,,
PYY-988,Audi,90,1991,Maroon,,4,2,4,6,,,
PYY-989,Kia,Sephia,2001,Pink,,3,6,4,4,,,
PYY-990,Chevrolet,Cobalt SS,2007,Violet,,9,9,4,6,,,
PYY-991,Chevrolet,Suburban 1500,2008,Blue,,9,13,4,4,,,
PYY-992,Dodge,Dakota,1992,Teal,,5,6,4,4,,,
PYY-993,Volvo,S80,2011,Blue,,5,3,4,4,,,
PYY-994,Saturn,Astra,2009,Pink,,6,5,4,4,,,
PYY-995,Jaguar,S-Type,2006,Teal,,6,6,4,4,,,
PYY-996,Audi,Q7,2007,Red,,4,2,4,3,,,
PYY-997,Honda,Civic GX,2003,Violet,,5,8,4,6,,,
PYY-998,Porsche,928,1993,Blue,,7,3,4,4,,,
PYY-999,GMC,Rally Wagon G2500,1995,Crimson,,3,17,4,7,,,
RJW-102,GMC,3500,1998,Teal,,3,4,4,4,,,
RJW-103,Infiniti,I,2003,Crimson,,8,1,4,7,,,
RJW-104,Chevrolet,Blazer,1996,Crimson,,9,6,4,7,,,
RJW-105,Saab,900,1987,Indigo,,4,3,4,6,,,
RJW-106,Chrysler,Town & Country,1996,Teal,,8,14,4,4,,,
RJW-107,Mitsubishi,Mirage,1991,Maroon,,10,6,4,6,,,
RJW-108,Dodge,Dakota,1992,Mauv,,5,6,4,4,,,
RJW-109,Toyota,RAV4,2007,Red,,6,4,4,3,,,
RJW-110,Chevrolet,Cavalier,1997,Aquamarine,,9,8,4,10,,,
RJW-111,Jaguar,XK Series,2002,Pink,,6,9,4,4,,,
RJW-112,Plymouth,Acclaim,1992,Pink,,8,7,4,4,,,
RJW-113,Chrysler,300M,2002,Mauv,,8,4,4,4,,,
RJW-114,Ford,Mustang,1991,Indigo,,4,7,4,6,,,
RJW-115,Mazda,Tribute,2006,Fuscia,,5,7,4,6,,,
RJW-116,Audi,TT,2005,Fuscia,,4,2,4,6,,,
RJW-117,Mercury,Sable,1992,Teal,,7,5,4,4,,,
RJW-118,Dodge,Viper,2002,Pink,,5,5,4,4,,,
RJW-119,Subaru,Outback,2001,Maroon,,6,7,4,6,,,
RJW-120,Nissan,Rogue,2009,Goldenrod,,6,5,4,9,,,
RJW-121,Volkswagen,Golf,1984,Violet,,10,4,4,6,,,
RJW-122,Acura,MDX,2001,Maroon,,5,3,4,6,,,
RJW-123,Dodge,Ram 3500,2004,Indigo,,5,8,4,6,,,
RJW-124,Mercedes-Benz,W201,1984,Pink,,13,4,4,4,,,
RJW-125,Toyota,Land Cruiser,2013,Red,,6,12,4,3,,,
RJW-126,Lexus,ES,1994,Yellow,,5,2,4,6,,,
RJW-127,Maserati,GranTurismo,2009,Indigo,,8,11,4,6,,,
RJW-128,Volkswagen,Cabriolet,1998,Indigo,,10,9,4,6,,,
RJW-129,Nissan,370Z,2010,Puce,,6,4,4,4,,,
RJW-130,BMW,Z3,1998,Puce,,3,2,4,4,,,
RJW-131,Lexus,IS,2006,Puce,,5,2,4,4,,,
RJW-132,Mercedes-Benz,CL-Class,2005,Mauv,,13,8,4,4,,,
RJW-133,Mazda,Miata MX-5,2003,Maroon,,5,10,4,6,,,
RJW-134,Infiniti,I,2002,Puce,,8,1,4,4,,,
RJW-135,Chevrolet,Impala,2003,Maroon,,9,6,4,6,,,
RJW-136,Mercedes-Benz,SLS AMG,2011,Yellow,,13,7,4,6,,,
RJW-137,Mazda,MX-5,1997,Khaki,,5,4,4,5,,,
RJW-138,Pontiac,LeMans,1966,Violet,,7,6,4,6,,,
RJW-139,Toyota,Echo,2001,Orange,,6,4,4,6,,,
RJW-140,Lincoln,MKS,2010,Khaki,,7,3,4,5,,,
RJW-141,Shelby,GT500,1968,Teal,,6,5,4,4,,,
RJW-142,Dodge,Ram 1500,2000,Green,,5,8,4,5,,,
RJW-143,Volkswagen,GTI,2004,Puce,,10,3,4,4,,,
RJW-144,Land Rover,Range Rover,2005,Teal,,10,11,4,4,,,
RJW-145,GMC,Vandura G3500,1995,Teal,,3,13,4,4,,,
RJW-146,Plymouth,Neon,1995,Pink,,8,4,4,4,,,
RJW-147,Audi,A8,2001,Fuscia,,4,2,4,6,,,
RJW-148,Saab,900,1999,Fuscia,,4,3,4,6,,,
RJW-149,Porsche,911,2012,Fuscia,,7,3,4,6,,,
RJW-150,Buick,LeSabre,2004,Fuscia,,5,7,4,6,,,
RJW-151,Mazda,Millenia,1998,Maroon,,5,8,4,6,,,
RJW-152,Ford,Taurus,2000,Violet,,4,6,4,6,,,
RJW-153,Infiniti,G,2005,Aquamarine,,8,1,4,10,,,
RJW-154,Ford,Club Wagon,1994,Violet,,4,10,4,6,,,
RJW-155,Audi,S4,2011,Blue,,4,2,4,4,,,
RJW-156,Volvo,960,1995,Indigo,,5,3,4,6,,,
RJW-157,GMC,Envoy XL,2006,Green,,3,8,4,5,,,
RJW-158,GMC,Yukon XL 2500,2006,Yellow,,3,13,4,6,,,
RJW-159,Chevrolet,Camaro,1973,Green,,9,6,4,5,,,
RJW-160,Mercedes-Benz,GLK-Class,2010,Fuscia,,13,9,4,6,,,
RJW-161,Chrysler,Sebring,2007,Puce,,8,7,4,4,,,
RJW-162,Geo,Storm,1992,Goldenrod,,3,5,4,9,,,
RJW-163,Maserati,Biturbo,1986,Violet,,8,7,4,6,,,
RJW-164,Subaru,Impreza,2007,Goldenrod,,6,7,4,9,,,
RJW-165,Nissan,350Z,2005,Blue,,6,4,4,4,,,
RJW-166,Chevrolet,Avalanche,2010,Aquamarine,,9,9,4,10,,,
RJW-167,Dodge,Avenger,1998,Mauv,,5,7,4,4,,,
RJW-168,Toyota,Avalon,2001,Teal,,6,6,4,4,,,
RJW-169,Rolls-Royce,Ghost,2012,Green,,11,5,4,5,,,
RJW-170,Lexus,LS,2005,Blue,,5,2,4,4,,,
RJW-171,Jeep,Wrangler,1997,Aquamarine,,4,8,4,10,,,
RJW-172,GMC,Savana,2012,Turquoise,,3,6,4,9,,,
RJW-173,Kia,Sedona,2009,Pink,,3,6,4,4,,,
RJW-174,Plymouth,Breeze,1997,Teal,,8,6,4,4,,,
RJW-175,Chrysler,Cirrus,1998,Fuscia,,8,6,4,6,,,
RJW-176,Cadillac,Seville,1996,Maroon,,8,7,4,6,,,
RJW-177,Buick,Rainier,2006,Turquoise,,5,7,4,9,,,
RJW-178,Volkswagen,Eos,2010,Aquamarine,,10,3,4,10,,,
RJW-179,Toyota,Paseo,1993,Red,,6,5,4,3,,,
RJW-180,Cadillac,Escalade EXT,2012,Mauv,,8,12,4,4,,,
RJW-181,Volkswagen,rio,1997,Maroon,,10,3,4,6,,,
RJW-182,Ford,E-Series,1992,Purple,,4,8,4,6,,,
RJW-183,Mazda,MX-6,1994,Fuscia,,5,4,4,6,,,
RJW-184,GMC,3500,1998,Khaki,,3,4,4,5,,,
RJW-185,Volvo,S40,2002,Turquoise,,5,3,4,9,,,
RJW-186,Chevrolet,Corvette,1964,Crimson,,9,8,4,7,,,
RJW-187,BMW,7 Series,2008,Khaki,,3,8,4,5,,,
RJW-188,Volvo,XC60,2012,Blue,,5,4,4,4,,,
RJW-189,Nissan,Rogue,2010,Yellow,,6,5,4,6,,,
RJW-190,Pontiac,Firebird,1967,Maroon,,7,8,4,6,,,
RJW-191,Dodge,Ram Van 1500,2001,Aquamarine,,5,12,4,10,,,
RJW-192,Buick,Terraza,2006,Green,,5,7,4,5,,,
RJW-193,Honda,Accord Crosstour,2011,Puce,,5,16,4,4,,,
RJW-194,Land Rover,Range Rover Sport,2012,Puce,,10,17,4,4,,,
RJW-195,Toyota,MR2,2005,Khaki,,6,3,4,5,,,
RJW-196,Ford,Courier,1988,Maroon,,4,7,4,6,,,
RJW-197,Mitsubishi,Mighty Max,1993,Mauv,,10,10,4,4,,,
RJW-198,Chevrolet,Monte Carlo,2001,Puce,,9,11,4,4,,,
RJW-199,Mitsubishi,Eclipse,2007,Turquoise,,10,7,4,9,,,
RJW-200,Mercury,Grand Marquis,1984,Crimson,,7,13,4,7,,,
RJW-201,Isuzu,Trooper,2001,Puce,,5,7,4,4,,,
RJW-202,Ford,Bronco II,1990,Indigo,,4,9,4,6,,,
RJW-203,Nissan,280ZX,1979,Puce,,6,5,4,4,,,
RJW-204,Dodge,D250,1992,Purple,,5,4,4,6,,,
RJW-205,Nissan,Maxima,2012,Crimson,,6,6,4,7,,,
RJW-206,Nissan,Cube,2010,Violet,,6,4,4,6,,,
RJW-207,GMC,1500 Club Coupe,1999,Maroon,,3,15,4,6,,,
RJW-208,Lincoln,MKZ,2012,Maroon,,7,3,4,6,,,
RJW-209,Mercury,Mountaineer,2006,Goldenrod,,7,11,4,9,,,
RJW-210,Nissan,Pathfinder,1996,Aquamarine,,6,10,4,10,,,
RJW-211,Jeep,Wrangler,1992,Fuscia,,4,8,4,6,,,
RJW-212,GMC,1500 Club Coupe,1996,Fuscia,,3,15,4,6,,,
RJW-213,Lincoln,MKS,2010,Green,,7,3,4,5,,,
RJW-214,Jaguar,XJ Series,1998,Fuscia,,6,9,4,6,,,
RJW-215,Pontiac,LeMans,1991,Indigo,,7,6,4,6,,,
RJW-216,Mercedes-Benz,R-Class,2007,Indigo,,13,7,4,6,,,
RJW-217,Volvo,V90,1997,Red,,5,3,4,3,,,
RJW-218,Mitsubishi,Galant,1989,Violet,,10,6,4,6,,,
RJW-219,Ford,Probe,1996,Maroon,,4,5,4,6,,,
RJW-220,Lotus,Elan,1992,Aquamarine,,5,4,4,10,,,
RJW-221,Audi,TT,2003,Maroon,,4,2,4,6,,,
RJW-222,Mercury,Mountaineer,2005,Puce,,7,11,4,4,,,
RJW-223,Mercedes-Benz,C-Class,2008,Pink,,13,7,4,4,,,
RJW-224,Subaru,Forester,2000,Khaki,,6,8,4,5,,,
RJW-225,Acura,MDX,2008,Goldenrod,,5,3,4,9,,,
RJW-226,Audi,A4,2004,Purple,,4,2,4,6,,,
RJW-227,Audi,TT,2006,Indigo,,4,2,4,6,,,
RJW-228,Lincoln,Continental,1989,Crimson,,7,11,4,7,,,
RJW-229,Pontiac,Grand Am,1991,Yellow,,7,8,4,6,,,
RJW-230,Saab,900,1986,Indigo,,4,3,4,6,,,
RJW-231,Hyundai,Elantra,1998,Teal,,7,7,4,4,,,
RJW-232,Mercury,Lynx,1986,Green,,7,4,4,5,,,
RJW-233,Suzuki,XL-7,2004,Teal,,6,4,4,4,,,
RJW-234,Mitsubishi,Lancer Evolution,2006,Crimson,,10,16,4,7,,,
RJW-235,Ford,Expedition,2006,Crimson,,4,10,4,7,,,
RJW-236,Volvo,S40,2004,Puce,,5,3,4,4,,,
RJW-237,Ford,Freestar,2006,Crimson,,4,8,4,7,,,
RJW-238,Dodge,Ram 2500 Club,1997,Orange,,5,13,4,6,,,
RJW-239,Chevrolet,Suburban 2500,2001,Khaki,,9,13,4,5,,,
RJW-240,Ford,E150,2006,Red,,4,4,4,3,,,
RJW-241,Dodge,Caravan,1996,Orange,,5,7,4,6,,,
RJW-242,Nissan,GT-R,2010,Orange,,6,4,4,6,,,
RJW-243,Buick,Park Avenue,1993,Violet,,5,11,4,6,,,
RJW-244,Porsche,968,1995,Mauv,,7,3,4,4,,,
RJW-245,Mercedes-Benz,E-Class,1988,Fuscia,,13,7,4,6,,,
RJW-246,Mitsubishi,RVR,1995,Purple,,10,3,4,6,,,
RJW-247,MINI,Cooper Clubman,2012,Fuscia,,4,14,4,6,,,
RJW-248,Dodge,Dakota Club,2007,Purple,,5,11,4,6,,,
RJW-249,GMC,Savana 1500,2009,Khaki,,3,11,4,5,,,
RJW-250,Saab,9000,1995,Indigo,,4,4,4,6,,,
RJW-251,Audi,90,1994,Yellow,,4,2,4,6,,,
RJW-252,GMC,Yukon XL 2500,2000,Turquoise,,3,13,4,9,,,
RJW-253,Honda,Passport,1994,Khaki,,5,8,4,5,,,
RJW-254,Bentley,Continental GT,2006,Yellow,,7,14,4,6,,,
RJW-255,Subaru,Loyale,1990,Indigo,,6,6,4,6,,,
RJW-256,Toyota,Camry Hybrid,2007,Fuscia,,6,12,4,6,,,
RJW-257,Jaguar,XK,2009,Pink,,6,2,4,4,,,
RJW-258,Suzuki,Daewoo Lacetti,2008,Maroon,,6,14,4,6,,,
RJW-259,Chrysler,Pacifica,2006,Pink,,8,8,4,4,,,
RJW-260,Volkswagen,Quantum,1984,Indigo,,10,7,4,6,,,
RJW-261,Chevrolet,Metro,2001,Mauv,,9,5,4,4,,,
RJW-262,Honda,Accord,1984,Goldenrod,,5,6,4,9,,,
RJW-263,Chevrolet,Uplander,2005,Fuscia,,9,8,4,6,,,
RJW-264,Volkswagen,Passat,1985,Purple,,10,6,4,6,,,
RJW-265,Chevrolet,Avalanche 2500,2004,Green,,9,14,4,5,,,
RJW-266,Kia,Sportage,1999,Green,,3,8,4,5,,,
RJW-267,Infiniti,G,2004,Crimson,,8,1,4,7,,,
RJW-268,Infiniti,G,2012,Red,,8,1,4,3,,,
RJW-269,Volvo,S60,2011,Yellow,,5,3,4,6,,,
RJW-270,Mazda,MPV,1991,Goldenrod,,5,3,4,9,,,
RJW-271,Toyota,Tacoma,2007,Maroon,,6,6,4,6,,,
RJW-272,Hummer,H1,2003,Purple,,6,2,4,6,,,
RJW-273,Chevrolet,Camaro,1992,Pink,,9,6,4,4,,,
RJW-274,Mercury,Mountaineer,2007,Maroon,,7,11,4,6,,,
RJW-275,Honda,Insight,2010,Fuscia,,5,7,4,6,,,
RJW-276,Ford,Escort,1995,Fuscia,,4,6,4,6,,,
RJW-277,Honda,del Sol,1995,Khaki,,5,7,4,5,,,
RJW-278,Lincoln,MKS,2013,Red,,7,3,4,3,,,
RJW-279,Pontiac,Grand Prix,1971,Red,,7,10,4,3,,,
RJW-280,Kia,Rio,2004,Indigo,,3,3,4,6,,,
RJW-281,Mitsubishi,Montero,1995,Green,,10,7,4,5,,,
RJW-282,Citroën,CX,1989,Teal,,7,2,4,4,,,
RJW-283,Pontiac,Sunbird,1993,Khaki,,7,7,4,5,,,
RJW-284,Buick,Coachbuilder,1992,Orange,,5,12,4,6,,,
RJW-285,BMW,Z4 M Roadster,2009,Green,,3,13,4,5,,,
RJW-286,Infiniti,QX56,2010,Fuscia,,8,4,4,6,,,
RJW-287,Toyota,Sequoia,2004,Teal,,6,7,4,4,,,
RJW-288,Volvo,S40,2001,Turquoise,,5,3,4,9,,,
RJW-289,Suzuki,Grand Vitara,1999,Fuscia,,6,12,4,6,,,
RJW-290,Mitsubishi,i-MiEV,2012,Teal,,10,6,4,4,,,
RJW-291,Pontiac,Bonneville,1964,Mauv,,7,10,4,4,,,
RJW-292,Toyota,RAV4,1996,Purple,,6,4,4,6,,,
RJW-293,Pontiac,G5,2009,Aquamarine,,7,2,4,10,,,
RJW-294,Lamborghini,Murciélago LP640,2008,Turquoise,,11,16,4,9,,,
RJW-295,Mercury,Sable,2009,Orange,,7,5,4,6,,,
RJW-296,Honda,Insight,2010,Violet,,5,7,4,6,,,
RJW-297,Mercedes-Benz,500SEL,1992,Indigo,,13,6,4,6,,,
RJW-298,Volkswagen,Passat,1987,Puce,,10,6,4,4,,,
RJW-299,Mitsubishi,Lancer Evolution,2005,Purple,,10,16,4,6,,,
RJW-300,Mazda,Mazda3,2007,Purple,,5,6,4,6,,,
RJW-301,Chevrolet,Monte Carlo,1999,Khaki,,9,11,4,5,,,
RJW-302,Ford,Explorer,2012,Red,,4,8,4,3,,,
RJW-303,Jeep,Liberty,2008,Orange,,4,7,4,6,,,
RJW-304,Mazda,MX-5,2003,Crimson,,5,4,4,7,,,
RJW-305,Mercury,Mariner,2009,Aquamarine,,7,7,4,10,,,
RJW-306,Cadillac,STS,2005,Orange,,8,3,4,6,,,
RJW-307,Pontiac,Grand Prix,1985,Pink,,7,10,4,4,,,
RJW-308,Porsche,Boxster,2009,Blue,,7,7,4,4,,,
RJW-309,Honda,S2000,2006,Puce,,5,5,4,4,,,
RJW-310,Acura,CL,2003,Maroon,,5,2,4,6,,,
RJW-311,Lexus,GX,2003,Green,,5,2,4,5,,,
RJW-312,Nissan,Xterra,2009,Pink,,6,6,4,4,,,
RJW-313,GMC,Sonoma Club Coupe,1996,Green,,3,17,4,5,,,
RJW-314,Ford,Taurus,1989,Aquamarine,,4,6,4,10,,,
RJW-315,Buick,Park Avenue,2003,Violet,,5,11,4,6,,,
RJW-316,Geo,Tracker,1995,Red,,3,7,4,3,,,
RJW-317,Lotus,Elise,2008,Teal,,5,5,4,4,,,
RJW-318,Hyundai,Azera,2008,Aquamarine,,7,5,4,10,,,
RJW-319,Chrysler,300M,2002,Indigo,,8,4,4,6,,,
RJW-320,Ford,F350,2008,Fuscia,,4,4,4,6,,,
RJW-321,MINI,Cooper,2006,Violet,,4,6,4,6,,,
RJW-322,Lexus,GS,2001,Red,,5,2,4,3,,,
RJW-323,Mazda,929,1992,Blue,,5,3,4,4,,,
RJW-324,Dodge,Caravan,1992,Pink,,5,7,4,4,,,
RJW-325,Mercedes-Benz,CLK-Class,2008,Yellow,,13,9,4,6,,,
RJW-326,Ford,Crown Victoria,2008,Aquamarine,,4,14,4,10,,,
RJW-327,Oldsmobile,Silhouette,1998,Red,,10,10,4,3,,,
RJW-328,Pontiac,Grand Prix,1976,Yellow,,7,10,4,6,,,
RJW-329,Cadillac,XLR,2006,Green,,8,3,4,5,,,
RJW-330,GMC,Yukon,2003,Blue,,3,5,4,4,,,
RJW-331,GMC,Canyon,2012,Mauv,,3,6,4,4,,,
RJW-332,Ford,Econoline E350,1999,Orange,,4,14,4,6,,,
RJW-333,Suzuki,Esteem,1997,Fuscia,,6,6,4,6,,,
RJW-334,Kia,Optima,2012,Fuscia,,3,6,4,6,,,
RJW-335,BMW,545,2004,Turquoise,,3,3,4,9,,,
RJW-336,Volkswagen,Jetta,2008,Teal,,10,5,4,4,,,
RJW-337,Buick,Riviera,1979,Green,,5,7,4,5,,,
RJW-338,Infiniti,G,2006,Puce,,8,1,4,4,,,
RJW-339,Suzuki,XL-7,2001,Khaki,,6,4,4,5,,,
RJW-340,Dodge,Charger,2012,Blue,,5,7,4,4,,,
RJW-341,Jeep,Wrangler,2011,Violet,,4,8,4,6,,,
RJW-342,Pontiac,Trans Sport,1992,Red,,7,11,4,3,,,
RJW-343,Pontiac,Firefly,1987,Teal,,7,7,4,4,,,
RJW-344,Ford,F-250 Super Duty,2006,Indigo,,4,16,4,6,,,
RJW-345,Toyota,Sienna,2000,Goldenrod,,6,6,4,9,,,
RJW-346,Ford,F150,2006,Yellow,,4,4,4,6,,,
RJW-347,Dodge,Viper,1997,Green,,5,5,4,5,,,
RJW-348,Oldsmobile,Silhouette,2000,Yellow,,10,10,4,6,,,
RJW-349,Chrysler,Concorde,1996,Indigo,,8,8,4,6,,,
RJW-350,Volkswagen,Eos,2010,Aquamarine,,10,3,4,10,,,
RJW-351,Jeep,Liberty,2002,Aquamarine,,4,7,4,10,,,
RJW-352,Honda,Pilot,2007,Maroon,,5,5,4,6,,,
RJW-353,Toyota,Camry Hybrid,2011,Aquamarine,,6,12,4,10,,,
RJW-354,Honda,Pilot,2012,Pink,,5,5,4,4,,,
RJW-355,Mercedes-Benz,G55 AMG,2006,Blue,,13,7,4,4,,,
RJW-356,Mercedes-Benz,G-Class,2008,Yellow,,13,7,4,6,,,
RJW-357,Saturn,Outlook,2008,Goldenrod,,6,7,4,9,,,
RJW-358,Pontiac,Bonneville,1997,Teal,,7,10,4,4,,,
RJW-359,Pontiac,Vibe,2006,Khaki,,7,4,4,5,,,
RJW-360,Suzuki,Esteem,2000,Turquoise,,6,6,4,9,,,
RJW-361,Isuzu,Ascender,2005,Yellow,,5,8,4,6,,,
RJW-362,Plymouth,Voyager,2000,Teal,,8,7,4,4,,,
RJW-363,Ford,E-Series,2004,Aquamarine,,4,8,4,10,,,
RJW-364,Toyota,Avalon,2011,Maroon,,6,6,4,6,,,
RJW-365,Mazda,929,1993,Red,,5,3,4,3,,,
RJW-366,Ford,Thunderbird,1984,Turquoise,,4,11,4,9,,,
RJW-367,Mitsubishi,Lancer Evolution,2008,Aquamarine,,10,16,4,10,,,
RJW-368,Infiniti,G,2010,Crimson,,8,1,4,7,,,
RJW-369,Suzuki,Samurai,1992,Maroon,,6,7,4,6,,,
RJW-370,Infiniti,M,2009,Fuscia,,8,1,4,6,,,
RJW-371,Chevrolet,Caprice,1991,Violet,,9,7,4,6,,,
RJW-372,Chevrolet,Malibu,1998,Teal,,9,6,4,4,,,
RJW-373,Mercury,Monterey,2006,Green,,7,8,4,5,,,
RJW-374,Porsche,Boxster,2008,Teal,,7,7,4,4,,,
RJW-375,Chrysler,Pacifica,2008,Blue,,8,8,4,4,,,
RJW-376,Dodge,Colt,1992,Crimson,,5,4,4,7,,,
RJW-377,Chevrolet,2500,1992,Purple,,9,4,4,6,,,
RJW-378,Mercedes-Benz,CLS-Class,2012,Goldenrod,,13,9,4,9,,,
RJW-379,Suzuki,SJ,1994,Aquamarine,,6,2,4,10,,,
RJW-380,Volvo,850,1997,Goldenrod,,5,3,4,9,,,
RJW-381,Mercury,Mariner,2009,Pink,,7,7,4,4,,,
RJW-382,Honda,Civic,1993,Crimson,,5,5,4,7,,,
RJW-383,Mercury,Lynx,1984,Aquamarine,,7,4,4,10,,,
RJW-384,Chevrolet,Lumina,1997,Puce,,9,6,4,4,,,
RJW-385,Volkswagen,Rabbit,2007,Mauv,,10,6,4,4,,,
RJW-386,Buick,Regal,1994,Mauv,,5,5,4,4,,,
RJW-387,Chevrolet,1500,1993,Green,,9,4,4,5,,,
RJW-388,Dodge,Challenger,2012,Crimson,,5,10,4,7,,,
RJW-389,Mercedes-Benz,S-Class,1989,Puce,,13,7,4,4,,,
RJW-390,Volkswagen,Scirocco,1988,Orange,,10,8,4,6,,,
RJW-391,Saab,3-Sep,2009,Yellow,,4,5,4,6,,,
RJW-392,Volvo,S60,2007,Goldenrod,,5,3,4,9,,,
RJW-393,Dodge,Caravan,2008,Mauv,,5,7,4,4,,,
RJW-394,Mercury,Cougar,1969,Red,,7,6,4,3,,,
RJW-395,Toyota,Matrix,2010,Maroon,,6,6,4,6,,,
RJW-396,GMC,Yukon,1997,Orange,,3,5,4,6,,,
RJW-397,Pontiac,Firebird,1991,Puce,,7,8,4,4,,,
RJW-398,Lincoln,Town Car,1984,Orange,,7,8,4,6,,,
RJW-399,Dodge,Journey,2010,Violet,,5,7,4,6,,,
RJW-400,Plymouth,Colt,1992,Maroon,,8,4,4,6,,,
RJW-401,Chevrolet,TrailBlazer,2007,Pink,,9,11,4,4,,,
RJW-402,Honda,Prelude,2000,Maroon,,5,7,4,6,,,
RJW-403,Chevrolet,Silverado 3500,2007,Yellow,,9,14,4,6,,,
RJW-404,Kia,Spectra,2008,Turquoise,,3,7,4,9,,,
RJW-405,Porsche,Panamera,2010,Goldenrod,,7,8,4,9,,,
RJW-406,Hyundai,Sonata,2007,Puce,,7,6,4,4,,,
RJW-407,Chevrolet,Aveo,2004,Crimson,,9,4,4,7,,,
RJW-408,Mitsubishi,Pajero,1990,Aquamarine,,10,6,4,10,,,
RJW-409,Chevrolet,Lumina,1993,Purple,,9,6,4,6,,,
RJW-410,Dodge,Durango,2005,Indigo,,5,7,4,6,,,
RJW-411,Mazda,Mazda6,2013,Goldenrod,,5,6,4,9,,,
RJW-412,Mercedes-Benz,M-Class,2011,Teal,,13,7,4,4,,,
RJW-413,Nissan,Versa,2012,Goldenrod,,6,5,4,9,,,
RJW-414,GMC,Yukon XL 2500,2001,Goldenrod,,3,13,4,9,,,
RJW-415,Mercedes-Benz,SL-Class,1992,Purple,,13,8,4,6,,,
RJW-416,Isuzu,Hombre,2000,Violet,,5,6,4,6,,,
RJW-417,Volkswagen,Jetta,1990,Fuscia,,10,5,4,6,,,
RJW-418,BMW,6 Series,2012,Aquamarine,,3,8,4,10,,,
RJW-419,Dodge,Avenger,1997,Puce,,5,7,4,4,,,
RJW-420,Saab,9000,1994,Maroon,,4,4,4,6,,,
RJW-421,GMC,Sierra 2500,2001,Indigo,,3,11,4,6,,,
RJW-422,Mercury,Cougar,1991,Red,,7,6,4,3,,,
RJW-423,Ford,Escort,1987,Green,,4,6,4,5,,,
RJW-424,Chevrolet,Corvette,1969,Khaki,,9,8,4,5,,,
RJW-425,Lexus,ES,2010,Blue,,5,2,4,4,,,
RJW-426,Volkswagen,Touareg 2,2008,Teal,,10,9,4,4,,,
RJW-427,Mitsubishi,Eclipse,1994,Red,,10,7,4,3,,,
RJW-428,Buick,LeSabre,2004,Indigo,,5,7,4,6,,,
RJW-429,Plymouth,Neon,1996,Puce,,8,4,4,4,,,
RJW-430,Plymouth,Neon,1997,Maroon,,8,4,4,6,,,
RJW-431,Mitsubishi,Precis,1993,Maroon,,10,6,4,6,,,
RJW-432,Dodge,Ram 1500,2004,Purple,,5,8,4,6,,,
RJW-433,Lotus,Elan,1992,Mauv,,5,4,4,4,,,
RJW-434,Mercury,Sable,2002,Orange,,7,5,4,6,,,
RJW-435,Chevrolet,Caprice,1995,Pink,,9,7,4,4,,,
RJW-436,BMW,Z4 M,2007,Yellow,,3,4,4,6,,,
RJW-437,Nissan,280ZX,1979,Purple,,6,5,4,6,,,
RJW-438,Mitsubishi,Montero,1999,Puce,,10,7,4,4,,,
RJW-439,Cadillac,Escalade EXT,2004,Orange,,8,12,4,6,,,
RJW-440,Infiniti,M,1992,Khaki,,8,1,4,5,,,
RJW-441,Plymouth,Voyager,1996,Red,,8,7,4,3,,,
RJW-442,Ford,Courier,1986,Maroon,,4,7,4,6,,,
RJW-443,Honda,Pilot,2002,Aquamarine,,5,5,4,10,,,
RJW-444,Oldsmobile,98,1993,Puce,,10,2,4,4,,,
RJW-445,Saturn,L-Series,2001,Yellow,,6,8,4,6,,,
RJW-446,Toyota,Tundra,2004,Mauv,,6,6,4,4,,,
RJW-447,Mercedes-Benz,C-Class,2009,Puce,,13,7,4,4,,,
RJW-448,Ford,Ranger,2009,Teal,,4,6,4,4,,,
RJW-449,Porsche,Panamera,2012,Turquoise,,7,8,4,9,,,
RJW-450,Dodge,Nitro,2010,Pink,,5,5,4,4,,,
RJW-451,Dodge,Dakota,1997,Teal,,5,6,4,4,,,
RJW-452,Mazda,RX-8,2004,Green,,5,4,4,5,,,
RJW-453,Honda,Prelude,2000,Crimson,,5,7,4,7,,,
RJW-454,Mazda,B2000,1985,Orange,,5,5,4,6,,,
RJW-455,Dodge,Dakota Club,2000,Violet,,5,11,4,6,,,
RJW-456,Chevrolet,Sonic,2012,Purple,,9,5,4,6,,,
RJW-457,Isuzu,Trooper,1996,Red,,5,7,4,3,,,
RJW-458,Audi,A4,2002,Blue,,4,2,4,4,,,
RJW-459,Mercedes-Benz,W201,1987,Fuscia,,13,4,4,6,,,
RJW-460,Porsche,Panamera,2010,Blue,,7,8,4,4,,,
RJW-461,Toyota,RAV4,2006,Maroon,,6,4,4,6,,,
RJW-462,Ford,Thunderbird,2005,Turquoise,,4,11,4,9,,,
RJW-463,Cadillac,Escalade ESV,2012,Blue,,8,12,4,4,,,
LFQ-121,Cadillac,Eldorado,2002,Purple,,8,8,4,6,,,
LFQ-122,Chevrolet,Express 2500,2008,Orange,,9,12,4,6,,,
LFQ-123,Plymouth,Neon,1995,Red,,8,4,4,3,,,
LFQ-124,Buick,LeSabre,2002,Goldenrod,,5,7,4,9,,,
LFQ-125,Toyota,Sienna,2006,Yellow,,6,6,4,6,,,
LFQ-126,Land Rover,Range Rover Sport,2012,Red,,10,17,4,3,,,
LFQ-127,Pontiac,Grand Am,1995,Mauv,,7,8,4,4,,,
LFQ-128,Chevrolet,Venture,2005,Mauv,,9,7,4,4,,,
LFQ-129,Chevrolet,Corvette,1956,Aquamarine,,9,8,4,10,,,
LFQ-130,Nissan,Xterra,2000,Teal,,6,6,4,4,,,
LFQ-131,Ford,Escort,1988,Crimson,,4,6,4,7,,,
LFQ-132,Hyundai,Tiburon,2006,Orange,,7,7,4,6,,,
LFQ-133,Ford,Transit Connect,2012,Indigo,,4,15,4,6,,,
LFQ-134,Porsche,Boxster,1997,Goldenrod,,7,7,4,9,,,
LFQ-135,Mitsubishi,Lancer,2008,Goldenrod,,10,6,4,9,,,
LFQ-136,Toyota,Camry,2001,Aquamarine,,6,5,4,10,,,
LFQ-137,Volkswagen,Jetta III,1995,Green,,10,9,4,5,,,
LFQ-138,Jaguar,S-Type,2001,Orange,,6,6,4,6,,,
LFQ-139,Mazda,MX-5,2002,Orange,,5,4,4,6,,,
LFQ-140,Ford,F250,1992,Aquamarine,,4,4,4,10,,,
LFQ-141,Jaguar,XJ Series,1996,Red,,6,9,4,3,,,
LFQ-142,Porsche,Boxster,2013,Teal,,7,7,4,4,,,
LFQ-143,Mercedes-Benz,C-Class,2003,Orange,,13,7,4,6,,,
LFQ-144,Mercedes-Benz,400E,1993,Orange,,13,4,4,6,,,
LFQ-145,Ford,Mustang,1966,Crimson,,4,7,4,7,,,
LFQ-146,Mitsubishi,Truck,1986,Yellow,,10,5,4,6,,,
LFQ-147,Volvo,XC90,2007,Crimson,,5,4,4,7,,,
LFQ-148,Mitsubishi,Challenger,1999,Teal,,10,10,4,4,,,
LFQ-149,Ferrari,F430,2006,Maroon,,7,4,4,6,,,
LFQ-150,Mazda,B-Series,1992,Teal,,5,8,4,4,,,
LFQ-151,Chevrolet,G-Series 2500,1998,Red,,9,13,4,3,,,
LFQ-152,Toyota,Tacoma Xtra,1996,Red,,6,11,4,3,,,
LFQ-153,Honda,CR-V,2007,Maroon,,5,4,4,6,,,
LFQ-154,Kia,Mentor,1997,Pink,,3,6,4,4,,,
LFQ-155,Volvo,S70,1999,Puce,,5,3,4,4,,,
LFQ-156,Jeep,Wrangler,2007,Crimson,,4,8,4,7,,,
LFQ-157,Ford,Expedition EL,2012,Goldenrod,,4,13,4,9,,,
LFQ-158,Infiniti,G,1995,Maroon,,8,1,4,6,,,
LFQ-159,Suzuki,Swift,1997,Aquamarine,,6,5,4,10,,,
LFQ-160,Subaru,Forester,2006,Pink,,6,8,4,4,,,
LFQ-161,Chevrolet,S10,1997,Orange,,9,3,4,6,,,
LFQ-162,Nissan,Murano,2003,Blue,,6,6,4,4,,,
LFQ-163,Volkswagen,Golf,1988,Violet,,10,4,4,6,,,
LFQ-164,Nissan,Frontier,1998,Goldenrod,,6,8,4,9,,,
LFQ-165,Mercedes-Benz,CL-Class,2003,Indigo,,13,8,4,6,,,
LFQ-166,Chevrolet,Corvette,1957,Maroon,,9,8,4,6,,,
LFQ-167,Land Rover,Defender,1993,Puce,,10,8,4,4,,,
LFQ-168,Volkswagen,Golf,1989,Red,,10,4,4,3,,,
LFQ-169,Mitsubishi,Galant,2012,Red,,10,6,4,3,,,
LFQ-170,Mercedes-Benz,SL-Class,1985,Mauv,,13,8,4,4,,,
LFQ-171,Dodge,Ram Wagon B350,1993,Crimson,,5,14,4,7,,,
LFQ-172,Cadillac,DeVille,2000,Aquamarine,,8,7,4,10,,,
LFQ-173,Lexus,SC,1999,Violet,,5,2,4,6,,,
LFQ-174,Pontiac,Grand Prix,1996,Turquoise,,7,10,4,9,,,
LFQ-175,Buick,Hearse,1996,Goldenrod,,5,6,4,9,,,
LFQ-176,Ford,F-Series,1997,Violet,,4,8,4,6,,,
LFQ-177,Acura,RSX,2005,Teal,,5,3,4,4,,,
LFQ-178,Buick,Park Avenue,2002,Fuscia,,5,11,4,6,,,
LFQ-179,Mitsubishi,Pajero,1995,Indigo,,10,6,4,6,,,
LFQ-180,Chevrolet,Suburban,2011,Yellow,,9,8,4,6,,,
LFQ-181,Pontiac,Firebird,1992,Violet,,7,8,4,6,,,
LFQ-182,Ford,Explorer,1994,Turquoise,,4,8,4,9,,,
LFQ-183,Buick,Riviera,1989,Yellow,,5,7,4,6,,,
LFQ-184,Chevrolet,Tahoe,1996,Blue,,9,5,4,4,,,
LFQ-185,Nissan,Xterra,2001,Purple,,6,6,4,6,,,
LFQ-186,Pontiac,Fiero,1985,Mauv,,7,5,4,4,,,
LFQ-187,Saturn,VUE,2003,Orange,,6,3,4,6,,,
LFQ-188,Audi,S6,1995,Pink,,4,2,4,4,,,
LFQ-189,Honda,Fit,2008,Pink,,5,3,4,4,,,
LFQ-190,Buick,Skylark,1997,Goldenrod,,5,7,4,9,,,
LFQ-191,Acura,RL,2007,Purple,,5,2,4,6,,,
LFQ-192,Hyundai,Azera,2006,Aquamarine,,7,5,4,10,,,
LFQ-193,Daihatsu,Rocky,1992,Khaki,,8,5,4,5,,,
LFQ-194,Subaru,Forester,2002,Teal,,6,8,4,4,,,
LFQ-195,Pontiac,Bonneville,1999,Aquamarine,,7,10,4,10,,,
LFQ-196,Aston Martin,Virage,2012,Pink,,12,6,4,4,,,
LFQ-197,BMW,7 Series,2008,Aquamarine,,3,8,4,10,,,